{"cameraMode":{"drawMode":0,"name":"Shaded","section":"Shading Mode"},"sceneLighting":true,"audioPlay":false,"sceneViewState":{"m_AlwaysRefresh":false,"showFog":true,"showSkybox":true,"showFlares":true,"showImageEffects":true,"showParticleSystems":true,"showVisualEffectGraphs":true,"m_FxEnabled":true},"in2DMode":false,"pivot":{"x":0.8607931137084961,"y":1.4877583980560303,"z":-28.661460876464845},"rotation":{"x":-0.10301431268453598,"y":-0.6669602990150452,"z":0.09386126697063446,"w":-0.7320377826690674},"size":11.503171920776368,"orthographic":false}